Controlling Corporation,ABN,Total Scope 1 Emission (t CO2-e),Total Scope 2 Emission (t CO2-e),Total Net Energy consumed  (GJ)
A B C TISSUE PRODUCTS PTY LTD ,33003085112,25660,61440,755253
A.A. SCOTT PTY LTD ,14007601667,158272,6841,2307426
A.C.N. 085 239 998 PTY LTD ,39085239998,6832,193789,916119
A.J. BUSH & SONS PTY LTD ,77000134010,109584,18577,1087875
AAPC LIMITED ,87009175820,17897,179051,1061546
ADELAIDE BRIGHTON LIMITED ,15007596018,2451057,277974,16352449
ADITYA BIRLA MINERALS LIMITED ,37103515037,81805,6011,1592253
AGL ENERGY LIMITED ,74115061375,19622185,306355,165131979
AIR LIQUIDE AUSTRALIA LIMITED ,57004385782,39101,283854,1276136
ALCAN GOVE PTY LIMITED ,76000453663,1439810,0,19217694
ALCOA AUSTRALIAN HOLDINGS PTY LTD ,33096987370,6637955,7604775,132092993
ALDI FOODS PTY LIMITED ,18086210139,37294,193603,1193645
ALINTA ENERGY FINANCE PTY LTD ,39149229998,3919559,18853,40670462
ALLIANCE AIRLINES PTY LIMITED ,81107165980,111638,365,1605750
AMALGAMATED HOLDINGS LIMITED ,51000005103,10506,137492,768907
AMCOR LIMITED ,62000017372,7044,58827,329102
AMP LIMITED ,49079354519,8841,133992,635474
ANGLO AMERICAN AUSTRALIA LIMITED ,47004892371,2974005,603926,13686643
ANGLOGOLD ASHANTI AUSTRALIA LIMITED ,42008737424,277711,340,4340585
APACHE ENERGY LIMITED ,39009301964,602323,1099,12402734
APT PIPELINES LIMITED ,89009666700,311421,24201,2732634
ARDENT LEISURE LIMITED ,22104529106,2817,52915,271635
ARNOTTS BISCUITS HOLDINGS PTY LTD ,84080889621,27132,55548,762464
ARRIUM LIMITED ,63004410833,2850015,1100904,38641283
ARROW ENERGY HOLDINGS PTY LTD ,94141385293,1009399,41821,14287139
ASAHI HOLDINGS (AUSTRALIA) PTY LTD ,48135315767,18612,54968,551250
ASALEO CARE LIMITED ,61154461300,47720,154553,1402255
ASCIANO LIMITED ,26123652862,1064681,166054,15974369
ASP SHIP MANAGEMENT PTY LTD ,81080401949,63130,0,863153
ATCO AUSTRALIA PTY. LTD. ,74091033546,1104674,59068,12416773
ATLAS IRON LIMITED ,63110396168,95595,4067,1403587
AURIZON HOLDINGS LTD ,14146335622,765258,427317,12785920
AURORA ENERGY PTY LTD ,85082464622,5323,47223,920326
AUSCAN HOLDINGS PTY LIMITED ,70084400886,127434,39,9783974
AUSGRID ,67505337385,30643,908539,4071551
AUSNET SERVICES (TRANSMISSION) LTD ,48116124362,27652,1966365,6099776
AUSNET SERVICES HOLDINGS PTY LTD ,97086006859,156726,574905,2043304
AUSTIN HEALTH ,96237388063,12465,54421,408967
AUSTRALIA AND NEW ZEALAND BANKING GROUP LTD ,11005357522,8376,146546,655930
AUSTRALIA PACIFIC AIRPORTS CORPORATION LIMITED ,89069775266,7738,67846,355140
AUSTRALIAN CONSOLIDATED FOOD HOLDINGS PTY LIMITED  ,152947101,40188,94704,918495
AUSTRALIAN GAS NETWORKS LIMITED ,19078551685,463444,81,23136
AUSTRALIAN NATIONAL UNIVERSITY ,52234063906,16847,88071,611336
AUSTRALIAN NUCLEAR SCIENCE AND TECHNOLOGY ORGANISATION ,47956969590,2214,64136,237963
AUSTRALIAN POSTAL CORPORATION ,28864970579,118298,188853,2500186
AUTOMOTIVE HOLDINGS GROUP LIMITED ,35111470038,173779,73359,2793490
AVENG AUSTRALIA HOLDINGS PTY LTD ,33108058331,47364,5055,698431
AXIA ENERGY AUSTRALIA PTY LTD ,75108275216,480237,0,5876456
AZSA HOLDINGS PTY LIMITED ,51082714770,5336076,723561,15376506
B.M.D. HOLDINGS PTY. LIMITED ,47010093348,46183,9874,707547
BAIADA PTY LIMITED ,47000426808,67142,165661,1745526
BARRICK (AUSTRALIA PACIFIC HOLDINGS) PTY LTD ,68085702558,99426,215381,2472042
BARRICK (PD) AUSTRALIA LIMITED ,80050284967,13411,59969,513101
BC IRON LIMITED ,21120646924,53909,39,779600
BEACH ENERGY LIMITED ,20007617969,62696,614,446972
BECHTEL (WESTERN AUSTRALIA) PTY LTD ,25147531226,229225,0,2863147
BECHTEL AUSTRALIA PROPRIETARY LIMITED ,42006334505,71903,3048,964035
BEGA CHEESE LIMITED ,81008358503,48193,94810,1537676
BG INTERNATIONAL (AUS) INVESTMENTS PTY LIMITED ,86131104651,1311234,61839,10167871
BGC (AUSTRALIA) PTY LTD ,62005736005,111958,87345,2483328
BHCA PTY LIMITED ,99126164163,9304,69147,393380
BHP BILLITON ALUMINIUM PTY LTD ,65063671349,2893396,446616,46419781
BHP BILLITON ENERGY COAL AUSTRALIA PTY LTD ,79057364315,444806,83936,6833723
BHP BILLITON LIMITED ,49004028077,5817304,2067989,56953806
BIDVEST AUSTRALIA LIMITED ,33000228231,19946,44642,395998
BIG BEN HOLDINGS PTY. LIMITED ,63008434562,73060,24775,1064455
BILLITON MANGANESE AUSTRALIA PTY LTD ,33084205014,582711,174351,9545503
BLACKTOWN WASTE SERVICES PTY LIMITED ,21102860944,51221,92,14608
BLUESCOPE STEEL LIMITED ,16000011058,5699865,917908,69324056
BLUEWATERS POWER 1 PTY LTD ,93106034879,1298437,4138,8470090
BLUEWATERS POWER 2 PTY LTD ,57122896968,1302864,1045,8227734
BM ALLIANCE COAL OPERATIONS PTY LTD ,67096412752,2199209,999466,25886049
BOC LIMITED ,95000029729,23425,563217,2913943
BOEING AUSTRALIA HOLDINGS PROPRIETARY LIMITED ,42101168932,7875,42322,277952
BORAL LIMITED ,13008421761,1979924,443323,17015736
BORG MANUFACTURING PTY LIMITED ,31003246357,32561,100056,1711489
BP AUSTRALIA INVESTMENTS PTY LTD ,66102991551,1367801,480056,31585049
BRADKEN LIMITED ,33108693009,27683,72440,839387
BRICKWORKS LTD ,17000028526,224005,96020,4596110
BRISBANE CITY COUNCIL ,72002765795,203934,17141,1714112
BUILDING SUPPLIES GROUP HOLDINGS PTY LIMITED ,88121366041,50806,176146,6759714
C S ENERGY LIMITED 1,54078848745,9942184,168445,72706422
CALEDON COAL PTY LIMITED ,40120967839,104624,16960,137827
CALTEX AUSTRALIA LIMITED ,40004201307,1704466,269848,74373816
CARGILL AUSTRALIA LIMITED ,42004684173,91564,62839,1957095
CBH RESOURCES LIMITED ,27009423858,10248,84972,501215
CEMENT AUSTRALIA HOLDINGS PTY LTD ,99001085561,2505669,217751,11997754
CEMENT AUSTRALIA PTY LIMITED ,75104053474,39390,10793,617964
CENTENNIAL COAL COMPANY LIMITED ,30003714538,1302610,282518,1615454
CEVA PTY LTD ,27122147433,99965,31351,1550389
CHARTER HALL LIMITED ,57113531150,6007,103724,476254
CHEMCO PTY LTD ,68008725817,38195,144803,3202423
CHEVRON AUSTRALIA HOLDINGS PTY LTD ,60098079344,674280,11601,11252966
CHINOVA  RESOURCES LIMITED ,20107689878,53562,59,930183
CITIC PACIFIC MINING MANAGEMENT PTY LTD ,64119578371,372265,293,6956846
CKI UTILITIES DEVELOPMENT LTD & HEI UTILITIES DEVELOPMENT LTD & 3 OTHS ,13332330749,13596,480063,2953958
CLIFFS ASIA PACIFIC IRON ORE PTY LTD ,46001892995,155698,342,2262099
CMOC MINING PTY LIMITED ,17164997317,8865,130883,670834
COCA-COLA AMATIL LIMITED ,26004139397,47223,144555,1409997
COCKATOO COAL LIMITED ,13112682158,53542,0,613413
COMFORTDELGRO CABCHARGE PTY LTD ,84002072004,80788,3545,1169322
COMGEN AUSTRALIA PTY LTD ,17050242441,399089,12258,1219842
COMMONWEALTH BANK OF AUSTRALIA ,48123123124,11691,158881,828400
COMMONWEALTH SCIENTIFIC AND INDUSTRIAL RESEARCH ORGANISATION ,41687119230,15184,108901,692902
COMPETITIVE FOODS AUSTRALIA PTY LTD ,48010542908,21469,135733,961375
CONOCOPHILLIPS AUSTRALIA GAS HOLDINGS PTY LTD ,69081089170,2414412,2576,275076096
CONSOLIDATED MINERALS HOLDINGS (AUSTRALIA) PTY LTD ,88127662257,68609,678,1003133
CONTRACT POWER AUSTRALIA PTY LTD ,48081538258,105367,0,1502962
CO-OPERATIVE BULK HANDLING LIMITED ,29256604947,9836,55258,396497
CRAIG MOSTYN HOLDINGS PTY LIMITED ,14008398356,40323,14831,451502
CRISTAL AUSTRALIA PTY LTD ,21102888559,71940,82554,1383406
CRISTAL INORGANIC CHEMICALS AUSTRALIA PTY LTD ,20125123784,122114,43527,2351798
CROCODILE GOLD AUSTRALIA PTY LTD ,30136505587,10850,40522,367166
CROWN RESORTS LIMITED ,39125709953,33748,140991,1028316
CSL LIMITED ,99051588348,13910,70803,487385
CSR LIMITED ,90000001276,308605,226040,5933439
CST MINERAL LADY ANNIE PTY LIMITED ,90136930222,22834,28346,520735
D&R HENDERSON PTY LTD ,22000449392,17454,40255,595312
DALRYMPLE BAY COAL TERMINAL PTY. LTD. ,12010268167,1378,90046,416060
DAVID JONES LIMITED ,75000074573,5013,82690,355277
DBNGP (WA) TRANSMISSION PTY LIMITED ,69081609190,272025,1581,4772087
DEAKIN UNIVERSITY ,56721584203,8196,56067,327547
DELTA ELECTRICITY ,67139819642,8221081,60285,58240376
DEXUS HOLDINGS PTY LIMITED ,48110366946,10745,118875,591107
DIAMANTINA HOLDING COMPANY PTY LIMITED ,59149762130,160330,315,2359801
DORAL PTY LTD ,85008902841,14560,44962,437803
DOWNER EDI LIMITED ,97003872848,155319,44406,2996080
DP WORLD AUSTRALIA (HOLDING) PTY LTD ,58147892715,28317,48794,678287
EASTERN HEALTH ,68223819017,6090,47012,257747
EASTERN METROPOLITAN REGIONAL COUNCIL ,89631866056,98772,771,35311
ECHO ENTERTAINMENT GROUP LIMITED ,85149629023,9566,103865,627242
ECOGEN HOLDINGS PTY LTD ,78102872524,139288,30146,1994297
ELECTRANET PTY LIMITED ,41094482416,4352,206344,1228984
ELECTRICITY GENERATION AND RETAIL CORPORATION ,58673830106,6617265,4480,54793330
ELECTRICITY NETWORKS CORPORATION ,18540492861,42864,928103,4801331
ENDEAVOUR ENERGY ,59253130878,21901,574103,2658628
ENERGEX LIMITED ,40078849055,21025,948525,4613821
ENERGY DEVELOPMENTS LIMITED ,84053410263,1276231,2385,19042697
ENERGYAUSTRALIA HOLDINGS LIMITED ,57101876135,20605152,221209,162140172
ERGON ENERGY CORPORATION LIMITED ,50087646062,97204,759792,4281443
ERM POWER LIMITED ,28122259223,94115,5622,1326378
ESPERANCE POWER STATION PTY LTD ,24086409949,59812,0,1158092
ESSENTIAL ENERGY ,37428185226,36166,775165,3629800
EVOLUTION MINING LIMITED ,74084669036,75487,206214,2054394
EXXONMOBIL AUSTRALIA PTY LTD ,48091561198,2295329,251217,185657635
F & F MANAGEMENT PTY. LTD ,36133040721,1532,60856,268263
FAIRFAX MEDIA LIMITED ,15008663161,8357,60572,361801
FARSTAD SHIPPING (INDIAN PACIFIC) PTY. LTD. ,40105011989,199686,0,2891198
FEDERATION LIMITED ,90114757783,3073,103185,448470
FLETCHER BUILDING (AUSTRALIA) PTY LTD ,11093539452,81823,301359,3939219
FMR INVESTMENTS PTY LTD  ,24757019296,46394,12500,731321
FOOD INVESTMENTS PTY LTD ,85008426177,96127,139528,2173379
FORD MOTOR COMPANY OF AUSTRALIA LIMITED ,30004116223,18031,144562,778577
FORESTRY CORPORATION OF NEW SOUTH WALES ,43141857613,64583,1498,933167
FORTESCUE METALS GROUP LTD ,57002594872,1563779,289920,24205083
FOSTER'S GROUP PTY LTD ,49007620886,39741,82611,1016698
FQM AUSTRALIA HOLDINGS PTY LTD ,77136613075,124445,28,2879601
FREQUENCY INFRASTRUCTURE AUSTRALIA HOLDINGS PTY LTD ,27136262952,2222,120409,529226
FRITO-LAY AUSTRALIA HOLDINGS PTY LIMITED ,36099027746,31431,32292,732155
FUJITSU AUSTRALIA LIMITED ,19001011427,719,122032,498318
FULTON HOGAN AUSTRALIA PTY LTD ,42135849115,86205,20551,1595873
GENERAL MOTORS AUSTRALIA LTD ,85103162956,31693,92803,1039371
GHP 104 160 689 PTY LTD ,41104160689,3380554,1184521,22565608
GLADSTONE PORTS CORPORATION LIMITED ,96263788242,42606,72085,1050783
GLENCORE INVESTMENT PTY LTD ,67076513034,551655,262,7536522
GLIDECO PTY LIMITED  ,25147996263,12812,85781,542613
GLOBAL SWITCH AUSTRALIA PTY LIMITED ,65094338333,72,145282,602207
GOLD FIELDS AUSTRALIA PTY LTD ,91098385285,240819,155624,4574187
GOLDFIELDS POWER PTY LTD ,81062186243,139902,0,1871546
GOODMAN FIELDER LIMITED ,51116399430,26433,55199,726327
GPT MANAGEMENT HOLDINGS LIMITED ,67113510188,10428,120699,635760
GRAINCORP LIMITED ,60057186035,103765,177598,2442015
GRANGE RESOURCES LIMITED ,80009132405,206635,48325,4250339
GRIFFITH UNIVERSITY ,78106094461,1341,54683,261188
GWI HOLDINGS NO.2 PTY LTD ,53132989998,108008,2280,1568796
HAMSDALE AUSTRALIA PTY LIMITED ,37097393112,23496,31525,484731
HANSON AUSTRALIA (HOLDINGS) PROPRIETARY LIMITED ,48090994657,179835,59532,2811730
HARVEY NORMAN HOLDINGS LIMITED ,54003237545,5797,139417,666727
HEALTHSCOPE HOSPITALS HOLDINGS PTY LTD ,65144840639,14358,95414,672030
HEWLETT-PACKARD SOUTH PACIFIC PTY LTD ,94121554489,325,122143,474729
HILLGROVE RESOURCES LIMITED ,73004297116,32048,27046,723354
HOLCIM PARTICIPATIONS (AUSTRALIA) PTY LTD ,46122401405,180339,89547,3028714
HOLIDAY INNS HOLDINGS (AUSTRALIA) PTY. LIMITED ,95003621216,10588,57912,440460
HRL LIMITED ,89061930756,487922,57942,10960751
HUNTER WATER CORPORATION ,46228513446,31434,64733,328441
HUNTSMAN CORPORATION AUSTRALIA PTY LIMITED ,67083984187,17820,69638,2114486
HYDRO-ELECTRIC CORPORATION ,48072377158,373258,21217,4485436
HYNE & SON PTY. LIMITED ,67009660995,5464,48714,2238630
IBM A/NZ HOLDINGS PTY LIMITED ,12105319248,677,81370,321410
ICON WATER LTD ,86069381960,62031,147355,709521
IDEMITSU AUSTRALIA RESOURCES PTY LTD ,45010236272,75266,97709,2821154
ILUKA RESOURCES LIMITED ,34008675018,93738,78402,1785305
INCITEC PIVOT LIMITED ,42004080264,1317935,185229,29456294
INDEPENDENCE GROUP NL ,46092786304,39210,16976,794955
INGHAMS ENTERPRISES PTY. LIMITED ,20008447345,70724,209282,1896757
INTERCONTINENTAL SHIPPING PTY. LIMITED ,17008597699,116221,0,1651105
INTERNATIONAL POWER (AUSTRALIA) HOLDINGS PTY LTD ,70105041209,16229760,199227,137827522
INVESTA PROPERTY GROUP HOLDINGS PTY LIMITED ,68125612419,2919,90121,421182
IPMG PTY LIMITED ,84123230259,12711,69473,511486
ISAAC PLAINS COAL MANAGEMENT PTY LTD ,76114277315,109310,28111,1073778
ISPT PTY LTD ,28064041283,3937,60008,305934
J.J. RICHARDS & SONS PTY LTD ,40000805425,73981,5102,1090281
JBS HOLDCO AUSTRALIA PTY LTD ,89126211023,196489,176727,2866446
JELLINBAH GROUP PTY LTD ,54010754793,214135,8335,1841592
JET SYSTEMS PTY. LIMITED ,34003469574,169169,1797,2439757
JOHN SWIRE & SONS PTY LTD ,88000106141,16950,63123,505381
KALARI PROPRIETARY LIMITED ,14004595395,55605,1430,804539
KALGOORLIE CONSOLIDATED GOLD MINES PTY LTD ,97009377619,204131,252279,4725655
KARARA MINING LIMITED ,68070871831,76923,264023,2331861
KEOLIS AUSTRALIA PTY LTD ,68132482850,2604,98563,329916
KILCOY INDUSTRIES AUSTRALIA PTY LTD ,16125927308,31561,19257,251138
KIMBERLY-CLARK PACIFIC HOLDINGS PTY LIMITED ,59095905294,100019,80435,2411494
KNAUF AUSTRALIA PTY LTD 2,86003621181,-,-,-
LA TROBE UNIVERSITY 3,64804735113,21740,37825,483732
LANCO RESOURCES AUSTRALIA PTY LTD ,30147835452,45409,8075,688381
LDO COAL ,60140669932,284639,18447,102391
LEIGHTON HOLDINGS LIMITED ,57004482982,153239,92522,2604328
LEND LEASE CORPORATION LTD ,32000226228,101801,129152,2039181
LINDSAY AUSTRALIA LIMITED ,81061642733,93611,0,1360838
LINFOX PROPRIETARY LIMITED ,59004667298,219156,0,3326902
LION PTY LTD ,50128004268,76493,211147,2346731
LOY YANG HOLDINGS PTY LTD ,60057361805,8718191,3944,70240769
LYONDELLBASELL AUSTRALIA (HOLDINGS) PTY LTD ,74066270237,5525,112756,1485327
MACKAY SUGAR LIMITED ,12057463671,112872,9101,17127201
MACQUARIE GENERATION ,18402904344,20171437,202132,148796640
MANILDRA MILLING PTY LTD ,73002724021,287957,266639,6233088
MARS AUSTRALIA PTY LTD ,48008454313,31085,80755,864813
MATER MISERICORDIAE HEALTH SERVICES BRISBANE LIMITED ,83096708922,11322,41173,327761
MCALEESE LIMITED ,86156354068,221742,5215,3212307
MCCAIN FOODS (AUST) PTY LTD ,96000629587,31223,78463,1075145
MCDONALD'S AUSTRALIA LTD ,43008496928,1287,104772,441124
MELBOURNE WATER CORPORATION ,81945386953,107150,234952,1552935
METALS X LIMITED  ,110150055,56703,21967,935281
METCASH LIMITED ,32112073480,8776,83097,453992
METRO TRAINS MELBOURNE PTY LTD ,43136429948,6028,504277,1634622
METROPOLITAN HEALTH SERVICE ,13993250709,24935,131941,1077666
MINERAL RESOURCES LIMITED ,33118549910,73288,2620,1069616
MIRVAC LIMITED ,92003280699,11432,69200,456563
MMG MANAGEMENT PTY LTD ,33115312680,170459,343621,4726962
MONASH HEALTH ,82142080338,10834,62091,403726
MONASH UNIVERSITY ,12377614012,18024,116247,701842
MONDELEZ AUSTRALIA HOLDINGS PTY LTD ,86004880817,30643,67899,901901
MOUNT GIBSON IRON LIMITED ,87008670817,124296,2362,1867201
MULTINET GROUP HOLDINGS PTY LTD ,83104036937,259427,1426,42685
MURRAY GOULBURN CO-OPERATIVE CO. LIMITED ,23004277089,141982,426815,4728939
MYER HOLDINGS LIMITED ,14119085602,1691,171843,720528
NATIONAL AUSTRALIA BANK LIMITED ,12004044937,11433,133589,668816
NCIG HOLDINGS PTY LTD ,98124700483,2274,64862,300947
NESTLE AUSTRALIA LTD ,77000011316,35018,127336,1552755
NEW ZEALAND MILK (AUSTRALASIA) PTY LTD ,23003502654,129081,146805,2896619
NEWCREST MINING LIMITED ,20005683625,518420,770100,12589142
NEWGEN KWINANA HOLDINGS PTY LTD ,68116576955,807896,1260,8701489
NEWMONT AUSTRALIA HOLDINGS PTY LTD ,95099040507,444212,756182,10251179
NEWS AUSTRALIA HOLDINGS PTY LIMITED ,32105197028,4178,97044,468329
NH FOODS AUSTRALIA PTY LTD ,87001548401,67693,50059,836473
NORSKE SKOG INDUSTRIES AUSTRALIA LIMITED ,50003902985,215203,131171,7890063
NORTHERN STAR RESOURCES LIMITED ,43092832892,54914,28763,1026881
NORTHGATE AUSTRALIAN VENTURES CORPORATION PTY LTD ,21128442375,23561,154908,857318
NORTON GOLD FIELDS LIMITED ,23112287797,58706,75709,1214194
NOVION LIMITED ,79167087363,5472,138939,584571
NRG VICTORIA I PTY LTD ,26076286578,6586877,46815,50141221
NSW TRAINS ,50325560455,65121,149589,1550711
NUFARM LIMITED ,37091323312,12081,47812,366830
NYRSTAR AUSTRALIA PTY LTD ,46124535468,364810,371780,9993758
OLAM ORCHARDS AUSTRALIA PTY LTD ,15139442532,7614,81155,364288
ORICA LIMITED ,24004145868,1443738,353642,19787272
ORIGIN ENERGY LIMITED ,30000051696,12287156,119428,170609784
ORORA LIMITED ,55004275165,337067,341887,6864214
OWENS-ILLINOIS (AUSTRALIA) PTY LTD ,30002060059,365600,247899,6370810
OZ MINERALS LIMITED ,40005482824,231389,195896,4509933
OZGEN HOLDINGS AUSTRALIA PTY LTD 1,34128655096,8569484,25143,63522407
PACT GROUP HOLDINGS LTD ,55145989644,12785,233651,1075217
PANORAMIC RESOURCES LIMITED ,47095792288,50993,15161,823343
PAPER AUSTRALIA PTY LTD ,63061583533,384030,257169,16387216
PARMALAT AUSTRALIA PTY LTD ,56072928879,39345,101315,1090175
PEABODY AUSTRALIA HOLDCO PTY LTD ,61154820130,2881779,272913,11135179
PEAK GOLD ASIA PACIFIC PTY LTD ,93103879054,9890,71927,446644
PECHINEY CONSOLIDATED AUSTRALIA PTY LTD ,39076569769,1100805,6991641,38989620
PENRICE SODA HOLDINGS LIMITED ,83109193419,96667,11880,715323
PENTAIR FLOW CONTROL INTERNATIONAL PTY LIMITED ,70129692495,52014,43972,947424
PERILYA LIMITED ,85009193695,10714,122012,659800
PFD FOOD SERVICES PTY LTD ,29006972381,25941,37685,541251
PMP LIMITED ,39050148644,10120,70388,460827
PORT WARATAH COAL SERVICES LTD ,99001363828,724,131748,555042
POWER AND WATER CORPORATION ,15947352360,1022675,1762,13021428
PRATT CONSOLIDATED HOLDINGS PTY. LTD. ,43104958581,343202,1033477,21142559
PTTEP AUSTRALIA PERTH PTY LTD ,74134686525,289787,707,3551684
PUBLIC TRANSPORT AUTHORITY OF WESTERN AUSTRALIA ,61850109576,8415,106061,610632
QANTAS AIRWAYS LIMITED ,16009661901,4611620,183826,68446859
QCOAL PTY LTD ,99010911234,201885,31192,1518990
QENOS HOLDINGS PTY LTD ,62086026968,823177,189077,32552128
QIC LIMITED ,95942373762,4791,105067,477589
QNI RESOURCES PTY. LTD. ,14054117921,1262086,54087,17672611
QUBE HOLDINGS LIMITED ,14149723053,222520,12982,3256053
QUEENSLAND ALUMINA LIMITED ,98009725044,3039245,622644,41600780
QUEENSLAND ELECTRICITY TRANSMISSION CORPORATION LIMITED ,82078849233,15640,1170527,5187477
QUEENSLAND NITRATES PTY LTD ,63079889268,185558,54528,3313401
QUEENSLAND RAIL LIMITED ,71132181090,36196,215668,1467019
RAMELIUS RESOURCES LIMITED ,51001717540,48721,3318,835805
RAMSAY HEALTH CARE LIMITED ,57001288768,15204,149270,906242
RATA INTERNATIONAL PTY LTD ,67109036580,9625,53272,347480
RATCH - AUSTRALIA CORPORATION LIMITED ,31106617332,176098,6358,1633003
RCI HOLDINGS PTY LTD ,55101671121,29133,60453,693949
REDBANK ENERGY LIMITED  4,,0,0,0
REGIONAL EXPRESS HOLDINGS LIMITED ,18099547270,102385,0,1477879
REGIONAL POWER CORPORATION ,57955011697,40625,38167,748230
REGIS RESOURCES LIMITED ,28009174761,175927,0,2529462
REMONDIS AUSTRALIA PTY LTD  ,95002429781,212473,4371,548171
RESOLUTE MINING LIMITED ,39097088689,18712,57400,525881
RICEGROWERS LIMITED ,55007481156,9939,92253,547423
RIDLEY CORPORATION LIMITED ,33006708765,62277,79807,1538421
RIO DOCE AUSTRALIA PTY LIMITED ,63112797403,1208901,110717,1482396
RIO TINTO LIMITED ,96004458404,8955777,9142745,155475759
RITCHIES STORES PROPRIETARY LIMITED ,61005041814,19302,84575,316144
RON FINEMORE TRANSPORT PTY. LTD. ,30106495087,64800,445,982561
ROYAL MELBOURNE INSTITUTE OF TECHNOLOGY ,49781030034,7486,70878,360358
SANDFIRE RESOURCES NL ,55105154185,73113,141,1052881
SANTOS LTD ,80007550923,3813163,32671,36026769
SARACEN MINERAL HOLDINGS LIMITED ,52009215347,87525,58,1268714
SCENTRE GROUP LIMITED ,66001671496,11943,311983,1403090
SCOTTS TRANSPORT INDUSTRIES PTY LTD ,79007681398,70534,468,1013275
SEALED AIR AUSTRALIA (HOLDINGS) PTY LIMITED ,74102261307,4352,47991,211946
SEDCO FOREX INTERNATIONAL INC ,44188717522,70169,53,1017501
SEMBSITA AUSTRALIA PTY. LIMITED ,18002658255,558001,36412,1304830
SGSP (AUSTRALIA) ASSETS PTY LTD ,60126327624,645066,361504,7088848
SIBELCO ASIA PACIFIC PTY LTD ,70092916811,616979,253262,4917921
SILICON METAL COMPANY OF AUSTRALIA PTY LTD ,73009401736,81999,440485,4790314
SILVER LAKE RESOURCES LIMITED ,38108779782,76725,45178,1374118
SIMPLOT AUSTRALIA (HOLDINGS) PTY LIMITED ,23070571934,62962,61677,1483809
SIMS METAL MANAGEMENT LIMITED ,69114838630,33455,38192,669094
SINGAPORE TELECOM AUSTRALIA INVESTMENTS PTY LIMITED ,69096686190,2963,358462,1460466
SNOWY HYDRO LIMITED ,17090574431,19671,95971,681718
SOJITZ COAL RESOURCES PTY LIMITED ,34063050680,80613,23,1176971
SONIC HEALTHCARE LIMITED ,24004196909,8158,58023,370179
SOUTH AUSTRALIAN WATER CORPORATION 3,69336525019,62210,180480,1464422
SPOTLESS GROUP HOLDINGS LIMITED ,27154229562,38473,41937,874103
ST BARBARA LIMITED ,36009165066,84007,1267,1443905
ST JOHN OF GOD HEALTH CARE INC ,21930207958,13680,48588,410672
ST VINCENT'S HEALTH AUSTRALIA LTD ,75073503536,10611,100515,568260
STANWELL CORPORATION LIMITED ,37078848674,14601378,50118,114523519
STATE TRANSIT AUTHORITY OF NSW ,51750635629,154578,8865,2470536
STOCKLAND CORPORATION LTD ,43000181733,21550,100527,696515
STRAITS RESOURCES LIMITED ,30147131977,15700,52389,441394
SUN METALS HOLDINGS LIMITED ,30051538580,15429,679513,2885290
SUNCORP GROUP LIMITED ,66145290124,6311,46775,290942
SUNWATER LIMITED ,17020276523,5539,146047,710564
SUPER RETAIL GROUP LIMITED ,81108676204,965,81088,343653
SVITZER AUSTRALASIA SERVICES PTY LIMITED ,18120555375,53891,3167,784006
SYDNEY AIRPORT LIMITED ,18165056360,5024,85425,439399
SYDNEY TRAINS ,38284779682,11793,547192,2435889
SYDNEY WATER CORPORATION ,49776225038,58108,301851,2145633
TEEKAY HOLDINGS AUSTRALIA PTY LTD ,12125391880,75999,228,1042555
TELSTRA CORPORATION LIMITED ,33051775556,52554,1298110,5946071
TEYS AUSTRALIA PTY LTD ,38009872600,147734,113852,1700103
THALES AUSTRALIA HOLDINGS PTY LTD ,84058583841,37926,47655,534337
THE TRUSTEE FOR BESTFRESH TRUST ,72534822931,41041,48362,722728
THE TRUSTEE FOR BYRNS SMITH UNIT TRUST ,37757194158,79931,6986,1175347
THE TRUSTEE FOR R.G. WITHERS UNIT TRUST ,33162985937,658,127370,481132
THE TRUSTEE FOR THE LACHLAN A KENNETT FAMILY TRUST ,68835612007,77017,0,13278
THE TRUSTEE FOR THE MADDINGLEY MINE TRUST ,63604564597,68481,454,182655
THE UNITING CHURCH IN AUSTRALIA PROPERTY TRUST (Q.) ,25548385225,15736,79972,599748
THE UNIVERSITY OF QUEENSLAND ,63842912684,1958,128843,593281
THE VALSPAR (AUSTRALIA) PAINT ACQUISITION PTY LIMITED ,39144866464,45025,11296,805008
THOMAS FOODS INTERNATIONAL CONSOLIDATED PTY LTD ,20105099849,29533,36977,642789
TIDEWATER MARINE AUSTRALIA ,52101311451,56620,103,810524
TIGER AIRWAYS AUSTRALIA PTY LIMITED ,52124369008,334116,0,4800327
TOGA PTY LTD ,27000926947,5847,53236,331998
TOLL HOLDINGS LIMITED ,25006592089,524759,80457,7879265
TOYOTA MOTOR CORPORATION AUSTRALIA LIMITED ,64009686097,32101,112315,947324
TRANSALTA ENERGY (AUSTRALIA) PTY LTD ,40062135844,794387,22,10175662
TRANSDEV AUSTRALASIA PTY LTD ,40079303816,122071,6014,1869614
TRANSEND NETWORKS PTY LTD ,57082586892,2645,88434,1597231
TRANSFIELD SERVICES LIMITED ,69000484417,56254,21598,934983
TRANSGRID ,19622755774,17258,1222576,5138049
TRANSIT SYSTEMS PTY LTD ,34135200609,74961,2660,1344201
TRANSPACIFIC INDUSTRIES GROUP LTD ,74101155220,559304,33450,2579636
TREASURY WINE ESTATES LIMITED ,24004373862,10693,46614,351581
TRILITY GROUP PTY LTD ,39144522565,2558,111271,605100
TRONOX MANAGEMENT PTY LTD ,59009343364,539249,160211,9945022
TT-LINE COMPANY PTY. LTD. ,39061996174,140775,1179,1815718
UNITED ENERGY DISTRIBUTION HOLDINGS PTY LIMITED ,15104381660,5913,480486,1563794
UNIVERSITY OF MELBOURNE ,84002705224,14739,132813,683942
UNIVERSITY OF NEW SOUTH WALES ,57195873179,6430,66025,395032
UNIVERSITY OF SYDNEY ,15211513464,6741,87746,485088
V/LINE CORPORATION ,,86065,19364,1295197
VALMONT GROUP HOLDINGS PTY LTD ,60094882210,13443,43104,441882
VAN OORD DREDGING & MARINE CONTRACTORS BV ,,124783,53,1706713
VENTURA MOTORS PROPRIETARY LIMITED ,67004235518,52115,3275,758695
VEOLIA WATER AUSTRALIA PTY LTD ,99061161279,34264,46065,631468
VERMILION OIL AND GAS AUSTRALIA PTY LTD ,29113023591,57032,150,721385
VICTORIA POWER NETWORKS PTY LTD ,37116940820,24931,1222784,4088119
VILLAGE ROADSHOW LIMITED ,43010672054,3805,60290,304545
VIRGIN AUSTRALIA HOLDINGS LIMITED ,54100686226,2239625,18051,32252291
VIVA ENERGY AUSTRALIA GROUP LTD ,60004400220,1059857,261536,18945455
VODAFONE HUTCHISON AUSTRALIA PTY LIMITED ,76096304620,179,145219,595673
WA COUNTRY HEALTH SERVICE ,28680145816,11360,50521,422051
WARRNAMBOOL CHEESE AND BUTTER FACTORY COMPANY HOLDINGS LIMITED ,15071945232,26833,43795,656257
WASHINGTON H. SOUL PATTINSON AND COMPANY LIMITED ,49000002728,145589,42658,1946832
WASTE ASSETS MANAGEMENT CORPORATION ,56784733957,150211,1425,38402
WATER CORPORATION ,28003434917,81813,641308,3495111
WESFARMERS LIMITED ,28008984049,1376889,2572721,30045988
WESTPAC BANKING CORPORATION ,33007457141,5338,163352,764370
WHITEHAVEN COAL LIMITED ,68124425396,406231,59381,2212164
WILMAR AUSTRALIA HOLDINGS PTY LIMITED ,79144972743,169210,105399,41188021
WOLLONGONG COAL LIMITED ,28111244896,268430,33962,155184
WOODSIDE PETROLEUM LTD. ,55004898962,10050702,7508,1272113452
WOOLWORTHS LTD ,88000014675,293845,2455016,10659660
YANCOAL AUSTRALIA LTD ,82111859119,1109734,214200,5781797
YARA PILBARA FERTILISERS PTY LTD ,74095441151,1857739,0,31741038
YFG SHOPPING CENTRES  PTY LTD ,56853441699,0,51815,227480
"Footnotes:
1. The identified Joint Venture participants have each included the same data for the Callide C Power Station in their NGER reports. This is because neither participant had the greatest ability to introduce and implement the operating and environmental policies in relation to the facility, and a nomination of operational control has not been made. For further information refer to the 2013-14 greenhouse and energy information for designated generation facilities.
2. The greenhouse and energy information for this corporation has been withheld from publication under section 25 of the NGER Act (which relates to matters having a commercial value or trade secrets).
3. These corporations have voluntarily provided information to the Clean Energy Regulator concerning GreenPower renewable energy purchases, voluntarily surrendered Renewable Energy Certificates or offset scope 2 greenhouse gas emissions totals. For further information refer to the separate table for GreenPower purchases, Renewable Energy Certificates and offset scope 2 emission totals 2013-14 report.
4. The Clean Energy Regulator did not receive a section 19 report for 2013-14 from this corporation.",,,,
